"0.id","0.description","0.awp","0.gdp","0.cause","0.severity","0.completed","0.confirmed","0.roadName","0.lastUpdatedTimestamp","0.current","0.latitude","0.longitude","0.teEventType","0.delay","0.returnToFreeFlow","0.creationDate","0.overallEndDate","0.overallStartDate","0.periods.0.id","0.periods.0.eventId","0.periods.0.startPeriod","0.periods.0.endPeriod","0.offSRN","0.eventReference","0.displayM6TollPromo","0.laneClosureDescription","0.fullClosure","0.idProvidedBySource","0.linkIds.0","0.linkIds.1","0.linkIds.2","0.additionalDescription","0.formatDesc.0","0.formatDesc.1","0.formatDesc.2","0.formatDesc.3","0.formatDesc.4","0.gdpFormatted.0","0.gdpFormatted.1","0.gdpFormatted.2","0.gdpFormatted.3","0.gdpFormatted.4","0.awpFormatted.0","0.junction_ds_desc","0.junction_us_desc","_key","0.eventLanes.0.laneName","0.eventLanes.0.laneStatus","0.eventLanes.1.laneName","0.eventLanes.1.laneStatus","0.eventLanes.2.laneName","0.eventLanes.2.laneStatus","0.eventLanes.3.laneName","0.eventLanes.3.laneStatus","0.eventLanes.4.laneName","0.eventLanes.4.laneStatus","1.id","1.description","1.awp","1.gdp","1.cause","1.severity","1.completed","1.confirmed","1.roadName","1.lastUpdatedTimestamp","1.current","1.latitude","1.longitude","1.teEventType","1.delay","1.returnToFreeFlow","1.creationDate","1.overallEndDate","1.overallStartDate","1.periods.0.id","1.periods.0.eventId","1.periods.0.startPeriod","1.periods.0.endPeriod","1.offSRN","1.eventReference","1.displayM6TollPromo","1.laneClosureDescription","1.fullClosure","1.idProvidedBySource","1.linkIds.0","1.linkIds.1","1.linkIds.2","1.linkIds.3","1.additionalDescription","1.formatDesc.0","1.formatDesc.1","1.formatDesc.2","1.formatDesc.3","1.formatDesc.4","1.gdpFormatted.0","1.gdpFormatted.1","1.gdpFormatted.2","1.gdpFormatted.3","1.gdpFormatted.4","1.awpFormatted.0","1.junction_ds_desc","1.junction_us_desc","2.id","2.description","2.awp","2.gdp","2.cause","2.severity","2.completed","2.confirmed","2.roadName","2.lastUpdatedTimestamp","2.current","2.latitude","2.longitude","2.teEventType","2.delay","2.returnToFreeFlow","2.creationDate","2.overallEndDate","2.overallStartDate","2.periods.0.id","2.periods.0.eventId","2.periods.0.startPeriod","2.periods.0.endPeriod","2.periods.1.id","2.periods.1.eventId","2.periods.1.startPeriod","2.periods.1.endPeriod","2.periods.2.id","2.periods.2.eventId","2.periods.2.startPeriod","2.periods.2.endPeriod","2.periods.3.id","2.periods.3.eventId","2.periods.3.startPeriod","2.periods.3.endPeriod","2.periods.4.id","2.periods.4.eventId","2.periods.4.startPeriod","2.periods.4.endPeriod","2.periods.5.id","2.periods.5.eventId","2.periods.5.startPeriod","2.periods.5.endPeriod","2.periods.6.id","2.periods.6.eventId","2.periods.6.startPeriod","2.periods.6.endPeriod","2.periods.7.id","2.periods.7.eventId","2.periods.7.startPeriod","2.periods.7.endPeriod","2.periods.8.id","2.periods.8.eventId","2.periods.8.startPeriod","2.periods.8.endPeriod","2.periods.9.id","2.periods.9.eventId","2.periods.9.startPeriod","2.periods.9.endPeriod","2.periods.10.id","2.periods.10.eventId","2.periods.10.startPeriod","2.periods.10.endPeriod","2.periods.11.id","2.periods.11.eventId","2.periods.11.startPeriod","2.periods.11.endPeriod","2.periods.12.id","2.periods.12.eventId","2.periods.12.startPeriod","2.periods.12.endPeriod","2.periods.13.id","2.periods.13.eventId","2.periods.13.startPeriod","2.periods.13.endPeriod","2.periods.14.id","2.periods.14.eventId","2.periods.14.startPeriod","2.periods.14.endPeriod","2.periods.15.id","2.periods.15.eventId","2.periods.15.startPeriod","2.periods.15.endPeriod","2.offSRN","2.eventReference","2.displayM6TollPromo","2.eventLanes.0.laneName","2.eventLanes.0.laneStatus","2.eventLanes.1.laneName","2.eventLanes.1.laneStatus","2.eventLanes.2.laneName","2.eventLanes.2.laneStatus","2.eventLanes.3.laneName","2.eventLanes.3.laneStatus","2.laneClosureDescription","2.fullClosure","2.idProvidedBySource","2.linkIds.0","2.linkIds.1","2.linkIds.2","2.linkIds.3","2.additionalDescription","2.formatDesc.0","2.formatDesc.1","2.formatDesc.2","2.formatDesc.3","2.gdpFormatted.0","2.gdpFormatted.1","2.gdpFormatted.2","2.gdpFormatted.3","2.awpFormatted.0","2.awpFormatted.1","2.awpFormatted.2","2.awpFormatted.3","2.awpFormatted.4","2.awpFormatted.5","2.awpFormatted.6","2.junction_ds_desc","2.junction_us_desc","0.linkIds.3","1.periods.1.id","1.periods.1.eventId","1.periods.1.startPeriod","1.periods.1.endPeriod","1.periods.2.id","1.periods.2.eventId","1.periods.2.startPeriod","1.periods.2.endPeriod","1.periods.3.id","1.periods.3.eventId","1.periods.3.startPeriod","1.periods.3.endPeriod","1.periods.4.id","1.periods.4.eventId","1.periods.4.startPeriod","1.periods.4.endPeriod","1.periods.5.id","1.periods.5.eventId","1.periods.5.startPeriod","1.periods.5.endPeriod","1.periods.6.id","1.periods.6.eventId","1.periods.6.startPeriod","1.periods.6.endPeriod","1.periods.7.id","1.periods.7.eventId","1.periods.7.startPeriod","1.periods.7.endPeriod","1.periods.8.id","1.periods.8.eventId","1.periods.8.startPeriod","1.periods.8.endPeriod","1.periods.9.id","1.periods.9.eventId","1.periods.9.startPeriod","1.periods.9.endPeriod","1.periods.10.id","1.periods.10.eventId","1.periods.10.startPeriod","1.periods.10.endPeriod","1.periods.11.id","1.periods.11.eventId","1.periods.11.startPeriod","1.periods.11.endPeriod","1.periods.12.id","1.periods.12.eventId","1.periods.12.startPeriod","1.periods.12.endPeriod","1.periods.13.id","1.periods.13.eventId","1.periods.13.startPeriod","1.periods.13.endPeriod","1.periods.14.id","1.periods.14.eventId","1.periods.14.startPeriod","1.periods.14.endPeriod","1.periods.15.id","1.periods.15.eventId","1.periods.15.startPeriod","1.periods.15.endPeriod","1.eventLanes.0.laneName","1.eventLanes.0.laneStatus","1.eventLanes.1.laneName","1.eventLanes.1.laneStatus","1.eventLanes.2.laneName","1.eventLanes.2.laneStatus","1.eventLanes.3.laneName","1.eventLanes.3.laneStatus","1.linkIds.4","1.awpFormatted.1","1.awpFormatted.2","1.awpFormatted.3","1.awpFormatted.4","1.awpFormatted.5","1.awpFormatted.6","2.linkIds.4","3.id","3.description","3.awp","3.gdp","3.cause","3.severity","3.completed","3.confirmed","3.roadName","3.lastUpdatedTimestamp","3.current","3.latitude","3.longitude","3.teEventType","3.delay","3.returnToFreeFlow","3.creationDate","3.overallEndDate","3.overallStartDate","3.periods.0.id","3.periods.0.eventId","3.periods.0.startPeriod","3.periods.0.endPeriod","3.periods.1.id","3.periods.1.eventId","3.periods.1.startPeriod","3.periods.1.endPeriod","3.periods.2.id","3.periods.2.eventId","3.periods.2.startPeriod","3.periods.2.endPeriod","3.periods.3.id","3.periods.3.eventId","3.periods.3.startPeriod","3.periods.3.endPeriod","3.periods.4.id","3.periods.4.eventId","3.periods.4.startPeriod","3.periods.4.endPeriod","3.periods.5.id","3.periods.5.eventId","3.periods.5.startPeriod","3.periods.5.endPeriod","3.periods.6.id","3.periods.6.eventId","3.periods.6.startPeriod","3.periods.6.endPeriod","3.offSRN","3.eventReference","3.displayM6TollPromo","3.eventLanes.0.laneName","3.eventLanes.0.laneStatus","3.eventLanes.1.laneName","3.eventLanes.1.laneStatus","3.eventLanes.2.laneName","3.eventLanes.2.laneStatus","3.eventLanes.3.laneName","3.eventLanes.3.laneStatus","3.laneClosureDescription","3.fullClosure","3.idProvidedBySource","3.linkIds.0","3.additionalDescription","3.formatDesc.0","3.formatDesc.1","3.formatDesc.2","3.formatDesc.3","3.gdpFormatted.0","3.gdpFormatted.1","3.gdpFormatted.2","3.gdpFormatted.3","3.awpFormatted.0","3.awpFormatted.1","3.awpFormatted.2","3.awpFormatted.3","3.awpFormatted.4","3.awpFormatted.5","3.junction_ds_desc","3.junction_us_desc","0.periods.1.id","0.periods.1.eventId","0.periods.1.startPeriod","0.periods.1.endPeriod","0.periods.2.id","0.periods.2.eventId","0.periods.2.startPeriod","0.periods.2.endPeriod","0.periods.3.id","0.periods.3.eventId","0.periods.3.startPeriod","0.periods.3.endPeriod","0.periods.4.id","0.periods.4.eventId","0.periods.4.startPeriod","0.periods.4.endPeriod","0.periods.5.id","0.periods.5.eventId","0.periods.5.startPeriod","0.periods.5.endPeriod","0.periods.6.id","0.periods.6.eventId","0.periods.6.startPeriod","0.periods.6.endPeriod","0.periods.7.id","0.periods.7.eventId","0.periods.7.startPeriod","0.periods.7.endPeriod","0.periods.8.id","0.periods.8.eventId","0.periods.8.startPeriod","0.periods.8.endPeriod","0.periods.9.id","0.periods.9.eventId","0.periods.9.startPeriod","0.periods.9.endPeriod","0.periods.10.id","0.periods.10.eventId","0.periods.10.startPeriod","0.periods.10.endPeriod","0.periods.11.id","0.periods.11.eventId","0.periods.11.startPeriod","0.periods.11.endPeriod","0.periods.12.id","0.periods.12.eventId","0.periods.12.startPeriod","0.periods.12.endPeriod","0.periods.13.id","0.periods.13.eventId","0.periods.13.startPeriod","0.periods.13.endPeriod","0.periods.14.id","0.periods.14.eventId","0.periods.14.startPeriod","0.periods.14.endPeriod","0.periods.15.id","0.periods.15.eventId","0.periods.15.startPeriod","0.periods.15.endPeriod","0.linkIds.4","0.awpFormatted.1","0.awpFormatted.2","0.awpFormatted.3","0.awpFormatted.4","0.awpFormatted.5","0.awpFormatted.6"
"3775991",,"","Location : The M1 southbound between junctions J25  and J24A 
Name : M1 J25 southbound access : M1 J24A southbound exit : MAJOR SCHEMES
Reason : Roadworks scheme
Status : Currently Active
Period : from 20:06 on 16 May 2022 to 06:00 on 1 June 2022
","","LOW",false,false,"M1",1653291743511,true,52.91544,-1.2986954,"ROADWORKS",,,,1654059600000,1652727600000,,,1652727600000,1654059600000,false,"RW-22-04-28-400653",false,,false,"245984",200127298,199017302,107026401,,"Location : The M1 southbound between junctions J25  and J24A ","Name : M1 J25 southbound access : M1 J24A southbound exit : MAJOR SCHEMES","Reason : Roadworks scheme","Status : Currently Active","Period : from 20:06 on 16 May 2022 to 06:00 on 1 June 2022","Location : The M1 southbound between junctions J25  and J24A ","Name : M1 J25 southbound access : M1 J24A southbound exit : MAJOR SCHEMES","Reason : Roadworks scheme","Status : Currently Active","Period : from 20:06 on 16 May 2022 to 06:00 on 1 June 2022","","J24A","J25","107026401",,,,,,,,,,,,,,,,,,,,,,,,,,,,,,,,,,,,,,,,,,,,,,,,,,,,,,,,,,,,,,,,,,,,,,,,,,,,,,,,,,,,,,,,,,,,,,,,,,,,,,,,,,,,,,,,,,,,,,,,,,,,,,,,,,,,,,,,,,,,,,,,,,,,,,,,,,,,,,,,,,,,,,,,,,,,,,,,,,,,,,,,,,,,,,,,,,,,,,,,,,,,,,,,,,,,,,,,,,,,,,,,,,,,,,,,,,,,,,,,,,,,,,,,,,,,,,,,,,,,,,,,,,,,,,,,,,,,,,,,,,,,,,,,,,,,,,,,,,,,,,,,,,,,,,,,,,,,,,,,,,,,,,,,,,,,,,,,,,,,,,,,,,,,,,,,,,,,,,,,,,,,,,,,,,,,,,,,,,,,,,,,,,,,,,,,,,,,,,,
"3809834",,"","Location : The M1 northbound between junctions J26  and J27 
Reason : Congestion
Status : Currently Active
Return To Normal : Normal traffic conditions are expected between 10:15 and 10:30 on 29 May 2022
Delay : There are currently delays of 10 minutes against expected traffic
","","MEDIUM",false,true,"M1",1653816021440,true,53.026356,-1.2465904,"CONGESTION",240,,,1653816321248,1653815060591,,,1653815060591,1653816321248,false,"UF-22-05-29-700100",false,,false,,107032101,,,,"Location : The M1 northbound between junctions J26  and J27 ","Reason : Congestion","Status : Currently Active","Return To Normal : Normal traffic conditions are expected between 10:15 and 10:30 on 29 May 2022","Delay : There are currently delays of 10 minutes against expected traffic","Location : The M1 northbound between junctions J26  and J27 ","Reason : Congestion","Status : Currently Active","Return To Normal : Normal traffic conditions are expected between 10:15 and 10:30 on 29 May 2022","Delay : There are currently delays of 10 minutes against expected traffic","","J27","J26","107032101","Hard Shoulder","NORMAL","Lane 1","NORMAL","Lane 2","NORMAL","Lane 3","NORMAL","Lane 4","NORMAL",,,,,,,,,,,,,,,,,,,,,,,,,,,,,,,,,,,,,,,,,,,,,,,,,,,,,,,,,,,,,,,,,,,,,,,,,,,,,,,,,,,,,,,,,,,,,,,,,,,,,,,,,,,,,,,,,,,,,,,,,,,,,,,,,,,,,,,,,,,,,,,,,,,,,,,,,,,,,,,,,,,,,,,,,,,,,,,,,,,,,,,,,,,,,,,,,,,,,,,,,,,,,,,,,,,,,,,,,,,,,,,,,,,,,,,,,,,,,,,,,,,,,,,,,,,,,,,,,,,,,,,,,,,,,,,,,,,,,,,,,,,,,,,,,,,,,,,,,,,,,,,,,,,,,,,,,,,,,,,,,,,,,,,,,,,,,,,,,,,,,,,,,,,,,,,,,,,,,,,,,,,,,,,,,,,,,,,,,,,,,,,,,,,,,
"3767277",,"","Location : The M1 southbound at junction J16 
Name : M1 southbound within J16 : MAJOR SCHEMES
Reason : Roadworks scheme
Status : Currently Active
Period : from 21:02 on 12 May 2022 to 06:00 on 1 June 2022
","","MEDIUM",false,false,"M1",1653494711646,true,52.231583,-1.0215018,"ROADWORKS",,,,1654059600000,1652385600000,,,1652385600000,1654059600000,false,"RW-22-04-21-401015",false,,false,"75419",108018701,,,,"Location : The M1 southbound at junction J16 ","Name : M1 southbound within J16 : MAJOR SCHEMES","Reason : Roadworks scheme","Status : Currently Active","Period : from 21:02 on 12 May 2022 to 06:00 on 1 June 2022","Location : The M1 southbound at junction J16 ","Name : M1 southbound within J16 : MAJOR SCHEMES","Reason : Roadworks scheme","Status : Currently Active","Period : from 21:02 on 12 May 2022 to 06:00 on 1 June 2022","","J16","J17","108018701",,,,,,,,,,,,,,,,,,,,,,,,,,,,,,,,,,,,,,,,,,,,,,,,,,,,,,,,,,,,,,,,,,,,,,,,,,,,,,,,,,,,,,,,,,,,,,,,,,,,,,,,,,,,,,,,,,,,,,,,,,,,,,,,,,,,,,,,,,,,,,,,,,,,,,,,,,,,,,,,,,,,,,,,,,,,,,,,,,,,,,,,,,,,,,,,,,,,,,,,,,,,,,,,,,,,,,,,,,,,,,,,,,,,,,,,,,,,,,,,,,,,,,,,,,,,,,,,,,,,,,,,,,,,,,,,,,,,,,,,,,,,,,,,,,,,,,,,,,,,,,,,,,,,,,,,,,,,,,,,,,,,,,,,,,,,,,,,,,,,,,,,,,,,,,,,,,,,,,,,,,,,,,,,,,,,,,,,,,,,,,,,,,,,,,,,,,,,,,,
"3617559",,"","Location : The M1 southbound at junction J15 
Name : M1 southbound within J15 : MAJOR SCHEMES
Reason : Roadworks scheme
Status : Currently Active
Period : from 21:00 on 12 May 2022 to 06:00 on 30 May 2022
","","LOW",false,false,"M1",1652385631216,true,52.188084,-0.8993227,"ROADWORKS",,,,1653886800000,1652385600000,,,1652385600000,1653886800000,false,"RW-21-12-23-400591",false,,false,"75424",108019401,,,,"Location : The M1 southbound at junction J15 ","Name : M1 southbound within J15 : MAJOR SCHEMES","Reason : Roadworks scheme","Status : Currently Active","Period : from 21:00 on 12 May 2022 to 06:00 on 30 May 2022","Location : The M1 southbound at junction J15 ","Name : M1 southbound within J15 : MAJOR SCHEMES","Reason : Roadworks scheme","Status : Currently Active","Period : from 21:00 on 12 May 2022 to 06:00 on 30 May 2022","","J15","J15A","108019401",,,,,,,,,,,,,,,,,,,,,,,,,,,,,,,,,,,,,,,,,,,,,,,,,,,,,,,,,,,,,,,,,,,,,,,,,,,,,,,,,,,,,,,,,,,,,,,,,,,,,,,,,,,,,,,,,,,,,,,,,,,,,,,,,,,,,,,,,,,,,,,,,,,,,,,,,,,,,,,,,,,,,,,,,,,,,,,,,,,,,,,,,,,,,,,,,,,,,,,,,,,,,,,,,,,,,,,,,,,,,,,,,,,,,,,,,,,,,,,,,,,,,,,,,,,,,,,,,,,,,,,,,,,,,,,,,,,,,,,,,,,,,,,,,,,,,,,,,,,,,,,,,,,,,,,,,,,,,,,,,,,,,,,,,,,,,,,,,,,,,,,,,,,,,,,,,,,,,,,,,,,,,,,,,,,,,,,,,,,,,,,,,,,,,,,,,,,,,,,
"3736971",,"","Location : The M1 northbound between junctions J14  and J15 
Name : M1 northbound between J14 and J15 : MAJOR SCHEMES
Reason : Roadworks scheme
Status : Currently Active
Period : from 21:00 on 12 May 2022 to 06:00 on 1 June 2022
","","HIGHEST",false,false,"M1",1653494337487,true,52.146526,-0.8402117,"ROADWORKS",,,,1654059600000,1652385600000,,,1652385600000,1654059600000,false,"RW-22-03-28-101729",false,,false,"75425",108019502,,,,"Location : The M1 northbound between junctions J14  and J15 ","Name : M1 northbound between J14 and J15 : MAJOR SCHEMES","Reason : Roadworks scheme","Status : Currently Active","Period : from 21:00 on 12 May 2022 to 06:00 on 1 June 2022","Location : The M1 northbound between junctions J14  and J15 ","Name : M1 northbound between J14 and J15 : MAJOR SCHEMES","Reason : Roadworks scheme","Status : Currently Active","Period : from 21:00 on 12 May 2022 to 06:00 on 1 June 2022","","J15","J14","108019502",,,,,,,,,,,"3619354",,"","Location : The M1 northbound between junctions J14  and J15 
Name : M1 J14 northbound access : M1 northbound between J14 and J15 : MAJOR SCHEMES
Reason : Roadworks scheme
Status : Currently Active
Period : from 00:00 on 6 May 2022 to 22:00 on 6 June 2022
","","HIGH",false,false,"M1",1653689816773,true,52.05836,-0.7007035,"ROADWORKS",,,,1654549200000,1652418000000,,,1652418000000,1654549200000,false,"RW-21-12-27-100520",false,,false,"248241",123017801,123017701,108019502,108020002,,"Location : The M1 northbound between junctions J14  and J15 ","Name : M1 J14 northbound access : M1 northbound between J14 and J15 : MAJOR SCHEMES","Reason : Roadworks scheme","Status : Currently Active","Period : from 00:00 on 6 May 2022 to 22:00 on 6 June 2022","Location : The M1 northbound between junctions J14  and J15 ","Name : M1 J14 northbound access : M1 northbound between J14 and J15 : MAJOR SCHEMES","Reason : Roadworks scheme","Status : Currently Active","Period : from 00:00 on 6 May 2022 to 22:00 on 6 June 2022","","J15","J14","3795063",,"Location : The M1 northbound between junctions J14  and J15 
Reason : Roadworks are planned
Status : Pending
Schedule : From 05:00 on 29 May 2022 to 21:00 on 29 May 2022
Schedule : From 05:00 on 30 May 2022 to 22:00 on 30 May 2022
Schedule : From 06:00 on 31 May 2022 to 22:00 on 31 May 2022
Schedule : From 06:00 on 1 June 2022 to 22:00 on 6 June 2022
","Location : The M1 northbound between junctions J14  and J15 
Reason : Roadworks
Status : Currently Active
Period : expect disruption until 21:00 on 29 May 2022
","M1 Northbound and Southbound
Jct 14 to Hartwell Area 7/8 Border - Various Lane closures and Carriageway closures for Smart Motorway works on behalf of CostainGT
","HIGH",false,false,"M1",1653796828865,true,52.056892,-0.6955974,"ROADWORKS",,,,1654549200000,1653796800000,,,1652418000000,1652472000000,,,1652500800000,1652731200000,,,1652763600000,1652817600000,,,1652850000000,1652907600000,,,1652936400000,1652994000000,,,1653022800000,1653166800000,,,1653195600000,1653253200000,,,1653282000000,1653336000000,,,1653364800000,1653422400000,,,1653451200000,1653508800000,,,1653537600000,1653595200000,,,1653624000000,1653768000000,,,1653796800000,1653854400000,,,1653883200000,1653944400000,,,1653973200000,1654030800000,,,1654059600000,1654549200000,false,"RW-22-05-13-500253",false,"Hard Shoulder","HARD_SHOULDER_RUNNING","Lane 1","NORMAL","Lane 2","NORMAL","Lane 3","NORMAL",,false,"248241",123017801,123017701,108019502,108020001,,"Location : The M1 northbound between junctions J14  and J15 ","Reason : Roadworks","Status : Currently Active","Period : expect disruption until 21:00 on 29 May 2022","Location : The M1 northbound between junctions J14  and J15 ","Reason : Roadworks","Status : Currently Active","Period : expect disruption until 21:00 on 29 May 2022","Location : The M1 northbound between junctions J14  and J15 ","Reason : Roadworks are planned","Status : Pending","Schedule : From 05:00 on 29 May 2022 to 21:00 on 29 May 2022","Schedule : From 05:00 on 30 May 2022 to 22:00 on 30 May 2022","Schedule : From 06:00 on 31 May 2022 to 22:00 on 31 May 2022","Schedule : From 06:00 on 1 June 2022 to 22:00 on 6 June 2022","J14","J13",,,,,,,,,,,,,,,,,,,,,,,,,,,,,,,,,,,,,,,,,,,,,,,,,,,,,,,,,,,,,,,,,,,,,,,,,,,,,,,,,,,,,,,,,,,,,,,,,,,,,,,,,,,,,,,,,,,,,,,,,,,,,,,,,,,,,,,,,,,,,,,,,,,,,,,,,,,,,,,,,,,,,,,,,,,,,,,,,,,,,,,,,,,,,,,,,,,,,,,,,,,,,,,,,,,,,,,,,,,,,,,
"3619365",,"","Location : The M1 southbound
Name : M1 southbound at the Newport Pagnell services slip road between J15 and J14 : M1 southbound between J14 and J13 : MAJOR SCHEMES
Reason : Roadworks scheme
Status : Currently Active
Period : from 06:00 on 19 March 2022 to 22:00 on 6 June 2022
","","HIGHEST",false,false,"M1",1653083247158,true,52.08291,-0.7472899,"ROADWORKS",,,,1654549200000,1652418000000,,,1652418000000,1654549200000,false,"RW-21-12-27-100531",false,,false,"248241",108020201,108019802,123018002,,"Location : The M1 southbound","Name : M1 southbound at the Newport Pagnell services slip road between J15 and J14 : M1 southbound between J14 and J13 : MAJOR SCHEMES","Reason : Roadworks scheme","Status : Currently Active","Period : from 06:00 on 19 March 2022 to 22:00 on 6 June 2022","Location : The M1 southbound","Name : M1 southbound at the Newport Pagnell services slip road between J15 and J14 : M1 southbound between J14 and J13 : MAJOR SCHEMES","Reason : Roadworks scheme","Status : Currently Active","Period : from 06:00 on 19 March 2022 to 22:00 on 6 June 2022","","J14","J15","108019802",,,,,,,,,,,"3795075",,"Location : The M1 southbound between junctions J15  and J13 
Reason : Roadworks are planned
Status : Pending
Schedule : From 05:00 on 29 May 2022 to 21:00 on 29 May 2022
Schedule : From 05:00 on 30 May 2022 to 22:00 on 30 May 2022
Schedule : From 06:00 on 31 May 2022 to 22:00 on 31 May 2022
Schedule : From 06:00 on 1 June 2022 to 22:00 on 6 June 2022
","Location : The M1 southbound between junctions J15  and J13 
Reason : Roadworks
Status : Currently Active
Period : expect disruption until 21:00 on 29 May 2022
","M1 Northbound and Southbound
Jct 14 to Hartwell Area 7/8 Border - Various Lane closures and Carriageway closures for Smart Motorway works on behalf of CostainGT
","LOW",false,false,"M1",1653796831129,true,52.145676,-0.8391172,"ROADWORKS",,,,1654549200000,1653796800000,,,1652418000000,1652472000000,false,"RW-22-05-13-500265",false,,false,"248241",108020201,108019802,108019901,123018001,,"Location : The M1 southbound between junctions J15  and J13 ","Reason : Roadworks","Status : Currently Active","Period : expect disruption until 21:00 on 29 May 2022",,"Location : The M1 southbound between junctions J15  and J13 ","Reason : Roadworks","Status : Currently Active","Period : expect disruption until 21:00 on 29 May 2022",,"Location : The M1 southbound between junctions J15  and J13 ","J14","J15",,,,,,,,,,,,,,,,,,,,,,,,,,,,,,,,,,,,,,,,,,,,,,,,,,,,,,,,,,,,,,,,,,,,,,,,,,,,,,,,,,,,,,,,,,,,,,,,,,,,,,,,,,,,,,,,,,,,,,,,108019901,,,1652500800000,1652731200000,,,1652763600000,1652817600000,,,1652850000000,1652907600000,,,1652936400000,1652994000000,,,1653022800000,1653166800000,,,1653195600000,1653253200000,,,1653282000000,1653336000000,,,1653364800000,1653422400000,,,1653451200000,1653508800000,,,1653537600000,1653595200000,,,1653624000000,1653768000000,,,1653796800000,1653854400000,,,1653883200000,1653944400000,,,1653973200000,1654030800000,,,1654059600000,1654549200000,"Hard Shoulder","HARD_SHOULDER_RUNNING","Lane 1","NORMAL","Lane 2","NORMAL","Lane 3","NORMAL",123017901,"Reason : Roadworks are planned","Status : Pending","Schedule : From 05:00 on 29 May 2022 to 21:00 on 29 May 2022","Schedule : From 05:00 on 30 May 2022 to 22:00 on 30 May 2022","Schedule : From 06:00 on 31 May 2022 to 22:00 on 31 May 2022","Schedule : From 06:00 on 1 June 2022 to 22:00 on 6 June 2022",,,,,,,,,,,,,,,,,,,,,,,,,,,,,,,,,,,,,,,,,,,,,,,,,,,,,,,,,,,,,,,,,,,,,,,,,,,,,,,,,,,,,,,,,,,,,,,,,,,,,,,,,,,,,,,,,,,,,,,,,,,,,,,,,,,,,,,,,,,,,,,,,,,
"3619365",,"","Location : The M1 southbound
Name : M1 southbound at the Newport Pagnell services slip road between J15 and J14 : M1 southbound between J14 and J13 : MAJOR SCHEMES
Reason : Roadworks scheme
Status : Currently Active
Period : from 06:00 on 19 March 2022 to 22:00 on 6 June 2022
","","HIGHEST",false,false,"M1",1653083247158,true,52.08291,-0.7472899,"ROADWORKS",,,,1654549200000,1652418000000,,,1652418000000,1654549200000,false,"RW-21-12-27-100531",false,,false,"248241",108020201,108019802,123018002,,"Location : The M1 southbound","Name : M1 southbound at the Newport Pagnell services slip road between J15 and J14 : M1 southbound between J14 and J13 : MAJOR SCHEMES","Reason : Roadworks scheme","Status : Currently Active","Period : from 06:00 on 19 March 2022 to 22:00 on 6 June 2022","Location : The M1 southbound","Name : M1 southbound at the Newport Pagnell services slip road between J15 and J14 : M1 southbound between J14 and J13 : MAJOR SCHEMES","Reason : Roadworks scheme","Status : Currently Active","Period : from 06:00 on 19 March 2022 to 22:00 on 6 June 2022","","J14","J15","108019901",,,,,,,,,,,"3795075",,"Location : The M1 southbound between junctions J15  and J13 
Reason : Roadworks are planned
Status : Pending
Schedule : From 05:00 on 29 May 2022 to 21:00 on 29 May 2022
Schedule : From 05:00 on 30 May 2022 to 22:00 on 30 May 2022
Schedule : From 06:00 on 31 May 2022 to 22:00 on 31 May 2022
Schedule : From 06:00 on 1 June 2022 to 22:00 on 6 June 2022
","Location : The M1 southbound between junctions J15  and J13 
Reason : Roadworks
Status : Currently Active
Period : expect disruption until 21:00 on 29 May 2022
","M1 Northbound and Southbound
Jct 14 to Hartwell Area 7/8 Border - Various Lane closures and Carriageway closures for Smart Motorway works on behalf of CostainGT
","LOW",false,false,"M1",1653796831129,true,52.145676,-0.8391172,"ROADWORKS",,,,1654549200000,1653796800000,,,1652418000000,1652472000000,false,"RW-22-05-13-500265",false,,false,"248241",108020201,108019802,108019901,123018001,,"Location : The M1 southbound between junctions J15  and J13 ","Reason : Roadworks","Status : Currently Active","Period : expect disruption until 21:00 on 29 May 2022",,"Location : The M1 southbound between junctions J15  and J13 ","Reason : Roadworks","Status : Currently Active","Period : expect disruption until 21:00 on 29 May 2022",,"Location : The M1 southbound between junctions J15  and J13 ","J14","J15",,,,,,,,,,,,,,,,,,,,,,,,,,,,,,,,,,,,,,,,,,,,,,,,,,,,,,,,,,,,,,,,,,,,,,,,,,,,,,,,,,,,,,,,,,,,,,,,,,,,,,,,,,,,,,,,,,,,,,,,108019901,,,1652500800000,1652731200000,,,1652763600000,1652817600000,,,1652850000000,1652907600000,,,1652936400000,1652994000000,,,1653022800000,1653166800000,,,1653195600000,1653253200000,,,1653282000000,1653336000000,,,1653364800000,1653422400000,,,1653451200000,1653508800000,,,1653537600000,1653595200000,,,1653624000000,1653768000000,,,1653796800000,1653854400000,,,1653883200000,1653944400000,,,1653973200000,1654030800000,,,1654059600000,1654549200000,"Hard Shoulder","HARD_SHOULDER_RUNNING","Lane 1","NORMAL","Lane 2","NORMAL","Lane 3","NORMAL",123017901,"Reason : Roadworks are planned","Status : Pending","Schedule : From 05:00 on 29 May 2022 to 21:00 on 29 May 2022","Schedule : From 05:00 on 30 May 2022 to 22:00 on 30 May 2022","Schedule : From 06:00 on 31 May 2022 to 22:00 on 31 May 2022","Schedule : From 06:00 on 1 June 2022 to 22:00 on 6 June 2022",,,,,,,,,,,,,,,,,,,,,,,,,,,,,,,,,,,,,,,,,,,,,,,,,,,,,,,,,,,,,,,,,,,,,,,,,,,,,,,,,,,,,,,,,,,,,,,,,,,,,,,,,,,,,,,,,,,,,,,,,,,,,,,,,,,,,,,,,,,,,,,,,,,
"3619377",,"","Location : The M1 northbound between junctions J13  and J15 
Name : M1 northbound within J13 : M1 northbound between J14 and J15 : MAJOR SCHEMES
Reason : Roadworks scheme
Status : Currently Active
Period : from 06:00 on 7 May 2022 to 22:00 on 6 June 2022
","","HIGHEST",false,false,"M1",1653559495041,true,52.02652,-0.6038495,"ROADWORKS",,,,1654549200000,1651899600000,,,1651899600000,1654549200000,false,"RW-21-12-27-100543",false,,false,"248182",108020101,123017701,108020301,,"Location : The M1 northbound between junctions J13  and J15 ","Name : M1 northbound within J13 : M1 northbound between J14 and J15 : MAJOR SCHEMES","Reason : Roadworks scheme","Status : Currently Active","Period : from 06:00 on 7 May 2022 to 22:00 on 6 June 2022","Location : The M1 northbound between junctions J13  and J15 ","Name : M1 northbound within J13 : M1 northbound between J14 and J15 : MAJOR SCHEMES","Reason : Roadworks scheme","Status : Currently Active","Period : from 06:00 on 7 May 2022 to 22:00 on 6 June 2022","","J14","J13","108020001",,,,,,,,,,,"3795063",,"Location : The M1 northbound between junctions J14  and J15 
Reason : Roadworks are planned
Status : Pending
Schedule : From 05:00 on 29 May 2022 to 21:00 on 29 May 2022
Schedule : From 05:00 on 30 May 2022 to 22:00 on 30 May 2022
Schedule : From 06:00 on 31 May 2022 to 22:00 on 31 May 2022
Schedule : From 06:00 on 1 June 2022 to 22:00 on 6 June 2022
","Location : The M1 northbound between junctions J14  and J15 
Reason : Roadworks
Status : Currently Active
Period : expect disruption until 21:00 on 29 May 2022
","M1 Northbound and Southbound
Jct 14 to Hartwell Area 7/8 Border - Various Lane closures and Carriageway closures for Smart Motorway works on behalf of CostainGT
","HIGH",false,false,"M1",1653796828865,true,52.056892,-0.6955974,"ROADWORKS",,,,1654549200000,1653796800000,,,1652418000000,1652472000000,false,"RW-22-05-13-500253",false,,false,"248241",123017801,123017701,108019502,108020001,,"Location : The M1 northbound between junctions J14  and J15 ","Reason : Roadworks","Status : Currently Active","Period : expect disruption until 21:00 on 29 May 2022",,"Location : The M1 northbound between junctions J14  and J15 ","Reason : Roadworks","Status : Currently Active","Period : expect disruption until 21:00 on 29 May 2022",,"Location : The M1 northbound between junctions J14  and J15 ","J14","J13",,,,,,,,,,,,,,,,,,,,,,,,,,,,,,,,,,,,,,,,,,,,,,,,,,,,,,,,,,,,,,,,,,,,,,,,,,,,,,,,,,,,,,,,,,,,,,,,,,,,,,,,,,,,,,,,,,,,,,,,108020001,,,1652500800000,1652731200000,,,1652763600000,1652817600000,,,1652850000000,1652907600000,,,1652936400000,1652994000000,,,1653022800000,1653166800000,,,1653195600000,1653253200000,,,1653282000000,1653336000000,,,1653364800000,1653422400000,,,1653451200000,1653508800000,,,1653537600000,1653595200000,,,1653624000000,1653768000000,,,1653796800000,1653854400000,,,1653883200000,1653944400000,,,1653973200000,1654030800000,,,1654059600000,1654549200000,"Hard Shoulder","HARD_SHOULDER_RUNNING","Lane 1","NORMAL","Lane 2","NORMAL","Lane 3","NORMAL",,"Reason : Roadworks are planned","Status : Pending","Schedule : From 05:00 on 29 May 2022 to 21:00 on 29 May 2022","Schedule : From 05:00 on 30 May 2022 to 22:00 on 30 May 2022","Schedule : From 06:00 on 31 May 2022 to 22:00 on 31 May 2022","Schedule : From 06:00 on 1 June 2022 to 22:00 on 6 June 2022",,,,,,,,,,,,,,,,,,,,,,,,,,,,,,,,,,,,,,,,,,,,,,,,,,,,,,,,,,,,,,,,,,,,,,,,,,,,,,,,,,,,,,,,,,,,,,,,,,,,,,,,,,,,,,,,,,,,,,,,,,,,,,,,,,,,,,,,,,,,,,,,,,,
"3619377",,"","Location : The M1 northbound between junctions J13  and J15 
Name : M1 northbound within J13 : M1 northbound between J14 and J15 : MAJOR SCHEMES
Reason : Roadworks scheme
Status : Currently Active
Period : from 06:00 on 7 May 2022 to 22:00 on 6 June 2022
","","HIGHEST",false,false,"M1",1653559495041,true,52.02652,-0.6038495,"ROADWORKS",,,,1654549200000,1651899600000,,,1651899600000,1654549200000,false,"RW-21-12-27-100543",false,,false,"248182",108020101,123017701,108020301,,"Location : The M1 northbound between junctions J13  and J15 ","Name : M1 northbound within J13 : M1 northbound between J14 and J15 : MAJOR SCHEMES","Reason : Roadworks scheme","Status : Currently Active","Period : from 06:00 on 7 May 2022 to 22:00 on 6 June 2022","Location : The M1 northbound between junctions J13  and J15 ","Name : M1 northbound within J13 : M1 northbound between J14 and J15 : MAJOR SCHEMES","Reason : Roadworks scheme","Status : Currently Active","Period : from 06:00 on 7 May 2022 to 22:00 on 6 June 2022","","J14","J13","108020101",,,,,,,,,,,"3794145",,"Location : The M1 northbound between junctions J13  and J14 
Reason : Roadworks are planned
Status : Pending
Schedule : From 06:00 on 28 May 2022 to 22:00 on 30 May 2022
Schedule : From 06:00 on 31 May 2022 to 22:00 on 31 May 2022
Schedule : From 06:00 on 1 June 2022 to 22:00 on 6 June 2022
","Location : The M1 northbound between junctions J13  and J14 
Reason : Roadworks
Status : Currently Active
Period : expect disruption until 22:00 on 30 May 2022
","M1 Northbound and Southbound 
Jct 13 to Jct 14 - Various Lane closures and Carriageway closures for Smart Motorway works on behalf of CostainGT","LOW",false,false,"M1",1653714094840,true,52.02857,-0.61198586,"ROADWORKS",,,,1654549200000,1653714000000,,,1651899600000,1653166800000,false,"RW-22-05-12-400907",false,,false,"248182",108020101,108020301,,,,"Location : The M1 northbound between junctions J13  and J14 ","Reason : Roadworks","Status : Currently Active","Period : expect disruption until 22:00 on 30 May 2022",,"Location : The M1 northbound between junctions J13  and J14 ","Reason : Roadworks","Status : Currently Active","Period : expect disruption until 22:00 on 30 May 2022",,"Location : The M1 northbound between junctions J13  and J14 ","J13","J12",,,,,,,,,,,,,,,,,,,,,,,,,,,,,,,,,,,,,,,,,,,,,,,,,,,,,,,,,,,,,,,,,,,,,,,,,,,,,,,,,,,,,,,,,,,,,,,,,,,,,,,,,,,,,,,,,,,,,,,,108020001,,,1653195600000,1653253200000,,,1653282000000,1653339600000,,,1653368400000,1653685200000,,,1653714000000,1653944400000,,,1653973200000,1654030800000,,,1654059600000,1654549200000,,,,,,,,,,,,,,,,,,,,,,,,,,,,,,,,,,,,,"Hard Shoulder","HARD_SHOULDER_RUNNING","Lane 1","NORMAL","Lane 2","NORMAL","Lane 3","NORMAL",,"Reason : Roadworks are planned","Status : Pending","Schedule : From 06:00 on 28 May 2022 to 22:00 on 30 May 2022","Schedule : From 06:00 on 31 May 2022 to 22:00 on 31 May 2022","Schedule : From 06:00 on 1 June 2022 to 22:00 on 6 June 2022",,,,,,,,,,,,,,,,,,,,,,,,,,,,,,,,,,,,,,,,,,,,,,,,,,,,,,,,,,,,,,,,,,,,,,,,,,,,,,,,,,,,,,,,,,,,,,,,,,,,,,,,,,,,,,,,,,,,,,,,,,,,,,,,,,,,,,,,,,,,,,,,,,,,
"3619384",,"","Location : The M1 southbound between junctions J14  and J13 
Name : M1 southbound between J14 and J13 : MAJOR SCHEMES
Reason : Roadworks scheme
Status : Currently Active
Period : from 06:00 on 7 May 2022 to 22:00 on 6 June 2022
","","HIGHEST",false,false,"M1",1653083247167,true,52.056274,-0.69317883,"ROADWORKS",,,,1654549200000,1651899600000,,,1651899600000,1654549200000,false,"RW-21-12-27-100550",false,,false,"248182",108020201,,,,"Location : The M1 southbound between junctions J14  and J13 ","Name : M1 southbound between J14 and J13 : MAJOR SCHEMES","Reason : Roadworks scheme","Status : Currently Active","Period : from 06:00 on 7 May 2022 to 22:00 on 6 June 2022","Location : The M1 southbound between junctions J14  and J13 ","Name : M1 southbound between J14 and J13 : MAJOR SCHEMES","Reason : Roadworks scheme","Status : Currently Active","Period : from 06:00 on 7 May 2022 to 22:00 on 6 June 2022","","J13","J14","108020201",,,,,,,,,,,"3619365",,"","Location : The M1 southbound
Name : M1 southbound at the Newport Pagnell services slip road between J15 and J14 : M1 southbound between J14 and J13 : MAJOR SCHEMES
Reason : Roadworks scheme
Status : Currently Active
Period : from 06:00 on 19 March 2022 to 22:00 on 6 June 2022
","","HIGHEST",false,false,"M1",1653083247158,true,52.08291,-0.7472899,"ROADWORKS",,,,1654549200000,1652418000000,,,1652418000000,1654549200000,false,"RW-21-12-27-100531",false,,false,"248241",108020201,108019802,123018002,108019901,,"Location : The M1 southbound","Name : M1 southbound at the Newport Pagnell services slip road between J15 and J14 : M1 southbound between J14 and J13 : MAJOR SCHEMES","Reason : Roadworks scheme","Status : Currently Active","Period : from 06:00 on 19 March 2022 to 22:00 on 6 June 2022","Location : The M1 southbound","Name : M1 southbound at the Newport Pagnell services slip road between J15 and J14 : M1 southbound between J14 and J13 : MAJOR SCHEMES","Reason : Roadworks scheme","Status : Currently Active","Period : from 06:00 on 19 March 2022 to 22:00 on 6 June 2022","","J14","J15","3795075",,"Location : The M1 southbound between junctions J15  and J13 
Reason : Roadworks are planned
Status : Pending
Schedule : From 05:00 on 29 May 2022 to 21:00 on 29 May 2022
Schedule : From 05:00 on 30 May 2022 to 22:00 on 30 May 2022
Schedule : From 06:00 on 31 May 2022 to 22:00 on 31 May 2022
Schedule : From 06:00 on 1 June 2022 to 22:00 on 6 June 2022
","Location : The M1 southbound between junctions J15  and J13 
Reason : Roadworks
Status : Currently Active
Period : expect disruption until 21:00 on 29 May 2022
","M1 Northbound and Southbound
Jct 14 to Hartwell Area 7/8 Border - Various Lane closures and Carriageway closures for Smart Motorway works on behalf of CostainGT
","LOW",false,false,"M1",1653796831129,true,52.145676,-0.8391172,"ROADWORKS",,,,1654549200000,1653796800000,,,1652418000000,1652472000000,,,1652500800000,1652731200000,,,1652763600000,1652817600000,,,1652850000000,1652907600000,,,1652936400000,1652994000000,,,1653022800000,1653166800000,,,1653195600000,1653253200000,,,1653282000000,1653336000000,,,1653364800000,1653422400000,,,1653451200000,1653508800000,,,1653537600000,1653595200000,,,1653624000000,1653768000000,,,1653796800000,1653854400000,,,1653883200000,1653944400000,,,1653973200000,1654030800000,,,1654059600000,1654549200000,false,"RW-22-05-13-500265",false,"Hard Shoulder","HARD_SHOULDER_RUNNING","Lane 1","NORMAL","Lane 2","NORMAL","Lane 3","NORMAL",,false,"248241",108020201,108019802,108019901,123018001,,"Location : The M1 southbound between junctions J15  and J13 ","Reason : Roadworks","Status : Currently Active","Period : expect disruption until 21:00 on 29 May 2022","Location : The M1 southbound between junctions J15  and J13 ","Reason : Roadworks","Status : Currently Active","Period : expect disruption until 21:00 on 29 May 2022","Location : The M1 southbound between junctions J15  and J13 ","Reason : Roadworks are planned","Status : Pending","Schedule : From 05:00 on 29 May 2022 to 21:00 on 29 May 2022","Schedule : From 05:00 on 30 May 2022 to 22:00 on 30 May 2022","Schedule : From 06:00 on 31 May 2022 to 22:00 on 31 May 2022","Schedule : From 06:00 on 1 June 2022 to 22:00 on 6 June 2022","J14","J15",,,,,,,,,,,,,,,,,,,,,,,,,,,,,,,,,,,,,,,,,,,,,,,,,,,,,,,,,,,,,,,,,,,,,,,,,,,,,123017901,"3794147",,"Location : The M1 southbound between junctions J14  and J13 
Reason : Roadworks are planned
Status : Pending
Schedule : From 06:00 on 28 May 2022 to 22:00 on 30 May 2022
Schedule : From 06:00 on 31 May 2022 to 22:00 on 31 May 2022
Schedule : From 06:00 on 1 June 2022 to 22:00 on 6 June 2022
","Location : The M1 southbound between junctions J14  and J13 
Reason : Roadworks
Status : Currently Active
Period : expect disruption until 22:00 on 30 May 2022
","M1 Northbound and Southbound 
Jct 13 to Jct 14 - Various Lane closures and Carriageway closures for Smart Motorway works on behalf of CostainGT","LOW",false,false,"M1",1653714094136,true,52.056274,-0.69317883,"ROADWORKS",,,,1654549200000,1653714000000,,,1651899600000,1653166800000,,,1653195600000,1653253200000,,,1653282000000,1653339600000,,,1653368400000,1653685200000,,,1653714000000,1653944400000,,,1653973200000,1654030800000,,,1654059600000,1654549200000,false,"RW-22-05-12-400909",false,"Hard Shoulder","HARD_SHOULDER_RUNNING","Lane 1","NORMAL","Lane 2","NORMAL","Lane 3","NORMAL",,false,"248182",108020201,,"Location : The M1 southbound between junctions J14  and J13 ","Reason : Roadworks","Status : Currently Active","Period : expect disruption until 22:00 on 30 May 2022","Location : The M1 southbound between junctions J14  and J13 ","Reason : Roadworks","Status : Currently Active","Period : expect disruption until 22:00 on 30 May 2022","Location : The M1 southbound between junctions J14  and J13 ","Reason : Roadworks are planned","Status : Pending","Schedule : From 06:00 on 28 May 2022 to 22:00 on 30 May 2022","Schedule : From 06:00 on 31 May 2022 to 22:00 on 31 May 2022","Schedule : From 06:00 on 1 June 2022 to 22:00 on 6 June 2022","J13","J14",,,,,,,,,,,,,,,,,,,,,,,,,,,,,,,,,,,,,,,,,,,,,,,,,,,,,,,,,,,,,,,,,,,
"3619377",,"","Location : The M1 northbound between junctions J13  and J15 
Name : M1 northbound within J13 : M1 northbound between J14 and J15 : MAJOR SCHEMES
Reason : Roadworks scheme
Status : Currently Active
Period : from 06:00 on 7 May 2022 to 22:00 on 6 June 2022
","","HIGHEST",false,false,"M1",1653559495041,true,52.02652,-0.6038495,"ROADWORKS",,,,1654549200000,1651899600000,,,1651899600000,1654549200000,false,"RW-21-12-27-100543",false,,false,"248182",108020101,123017701,108020301,,"Location : The M1 northbound between junctions J13  and J15 ","Name : M1 northbound within J13 : M1 northbound between J14 and J15 : MAJOR SCHEMES","Reason : Roadworks scheme","Status : Currently Active","Period : from 06:00 on 7 May 2022 to 22:00 on 6 June 2022","Location : The M1 northbound between junctions J13  and J15 ","Name : M1 northbound within J13 : M1 northbound between J14 and J15 : MAJOR SCHEMES","Reason : Roadworks scheme","Status : Currently Active","Period : from 06:00 on 7 May 2022 to 22:00 on 6 June 2022","","J14","J13","108020301",,,,,,,,,,,"3794145",,"Location : The M1 northbound between junctions J13  and J14 
Reason : Roadworks are planned
Status : Pending
Schedule : From 06:00 on 28 May 2022 to 22:00 on 30 May 2022
Schedule : From 06:00 on 31 May 2022 to 22:00 on 31 May 2022
Schedule : From 06:00 on 1 June 2022 to 22:00 on 6 June 2022
","Location : The M1 northbound between junctions J13  and J14 
Reason : Roadworks
Status : Currently Active
Period : expect disruption until 22:00 on 30 May 2022
","M1 Northbound and Southbound 
Jct 13 to Jct 14 - Various Lane closures and Carriageway closures for Smart Motorway works on behalf of CostainGT","LOW",false,false,"M1",1653714094840,true,52.02857,-0.61198586,"ROADWORKS",,,,1654549200000,1653714000000,,,1651899600000,1653166800000,false,"RW-22-05-12-400907",false,,false,"248182",108020101,108020301,,,,"Location : The M1 northbound between junctions J13  and J14 ","Reason : Roadworks","Status : Currently Active","Period : expect disruption until 22:00 on 30 May 2022",,"Location : The M1 northbound between junctions J13  and J14 ","Reason : Roadworks","Status : Currently Active","Period : expect disruption until 22:00 on 30 May 2022",,"Location : The M1 northbound between junctions J13  and J14 ","J13","J12",,,,,,,,,,,,,,,,,,,,,,,,,,,,,,,,,,,,,,,,,,,,,,,,,,,,,,,,,,,,,,,,,,,,,,,,,,,,,,,,,,,,,,,,,,,,,,,,,,,,,,,,,,,,,,,,,,,,,,,,108020001,,,1653195600000,1653253200000,,,1653282000000,1653339600000,,,1653368400000,1653685200000,,,1653714000000,1653944400000,,,1653973200000,1654030800000,,,1654059600000,1654549200000,,,,,,,,,,,,,,,,,,,,,,,,,,,,,,,,,,,,,"Hard Shoulder","HARD_SHOULDER_RUNNING","Lane 1","NORMAL","Lane 2","NORMAL","Lane 3","NORMAL",,"Reason : Roadworks are planned","Status : Pending","Schedule : From 06:00 on 28 May 2022 to 22:00 on 30 May 2022","Schedule : From 06:00 on 31 May 2022 to 22:00 on 31 May 2022","Schedule : From 06:00 on 1 June 2022 to 22:00 on 6 June 2022",,,,,,,,,,,,,,,,,,,,,,,,,,,,,,,,,,,,,,,,,,,,,,,,,,,,,,,,,,,,,,,,,,,,,,,,,,,,,,,,,,,,,,,,,,,,,,,,,,,,,,,,,,,,,,,,,,,,,,,,,,,,,,,,,,,,,,,,,,,,,,,,,,,,
"2900561",,"","Location : The M1 northbound between junctions J1  and J5 
Reason : Roadworks
Status : Currently Active
Period : expect disruption until 05:00 on 27 November 2030
","M1 Northbound Jct 4 to Jct 5 
Hard Shoulder closure northbound due to low footbridge headroom","HIGHEST",false,false,"M1",1651827029341,true,51.645107,-0.32849106,"ROADWORKS",,,,1921986000000,1538134800000,,,1538134800000,1921986000000,false,"RW-20-04-17-500492",false,,false,"75882",108024801,,,,"Location : The M1 northbound between junctions J1  and J5 ","Reason : Roadworks","Status : Currently Active","Period : expect disruption until 05:00 on 27 November 2030",,"Location : The M1 northbound between junctions J1  and J5 ","Reason : Roadworks","Status : Currently Active","Period : expect disruption until 05:00 on 27 November 2030",,"","J5","J4","108024801","Hard Shoulder","CLOSED","Lane 1","NORMAL","Lane 2","NORMAL","Lane 3","NORMAL",,,,,,,,,,,,,,,,,,,,,,,,,,,,,,,,,,,,,,,,,,,,,,,,,,,,,,,,,,,,,,,,,,,,,,,,,,,,,,,,,,,,,,,,,,,,,,,,,,,,,,,,,,,,,,,,,,,,,,,,,,,,,,,,,,,,,,,,,,,,,,,,,,,,,,,,,,,,,,,,,,,,,,,,,,,,,,,,,,,,,,,,,,,,,,,,,,,,,,,,,,,,,,,,,,,,,,,,,,,,,,,,,,,,,,,,,,,,,,,,,,,,,,,,,,,,,,,,,,,,,,,,,,,,,,,,,,,,,,,,,,,,,,,,,,,,,,,,,,,,,,,,,,,,,,,,,,,,,,,,,,,,,,,,,,,,,,,,,,,,,,,,,,,,,,,,,,,,,,,,,,,,,,,,,,,,,,,,,,,,,,,,,,,,,,,
"3619377",,"","Location : The M1 northbound between junctions J13  and J15 
Name : M1 northbound within J13 : M1 northbound between J14 and J15 : MAJOR SCHEMES
Reason : Roadworks scheme
Status : Currently Active
Period : from 06:00 on 7 May 2022 to 22:00 on 6 June 2022
","","HIGHEST",false,false,"M1",1653559495041,true,52.02652,-0.6038495,"ROADWORKS",,,,1654549200000,1651899600000,,,1651899600000,1654549200000,false,"RW-21-12-27-100543",false,,false,"248182",108020101,123017701,108020301,,"Location : The M1 northbound between junctions J13  and J15 ","Name : M1 northbound within J13 : M1 northbound between J14 and J15 : MAJOR SCHEMES","Reason : Roadworks scheme","Status : Currently Active","Period : from 06:00 on 7 May 2022 to 22:00 on 6 June 2022","Location : The M1 northbound between junctions J13  and J15 ","Name : M1 northbound within J13 : M1 northbound between J14 and J15 : MAJOR SCHEMES","Reason : Roadworks scheme","Status : Currently Active","Period : from 06:00 on 7 May 2022 to 22:00 on 6 June 2022","","J14","J13","123017701",,,,,,,,,,,"3619354",,"","Location : The M1 northbound between junctions J14  and J15 
Name : M1 J14 northbound access : M1 northbound between J14 and J15 : MAJOR SCHEMES
Reason : Roadworks scheme
Status : Currently Active
Period : from 00:00 on 6 May 2022 to 22:00 on 6 June 2022
","","HIGH",false,false,"M1",1653689816773,true,52.05836,-0.7007035,"ROADWORKS",,,,1654549200000,1652418000000,,,1652418000000,1654549200000,false,"RW-21-12-27-100520",false,,false,"248241",123017801,123017701,108019502,108020002,,"Location : The M1 northbound between junctions J14  and J15 ","Name : M1 J14 northbound access : M1 northbound between J14 and J15 : MAJOR SCHEMES","Reason : Roadworks scheme","Status : Currently Active","Period : from 00:00 on 6 May 2022 to 22:00 on 6 June 2022","Location : The M1 northbound between junctions J14  and J15 ","Name : M1 J14 northbound access : M1 northbound between J14 and J15 : MAJOR SCHEMES","Reason : Roadworks scheme","Status : Currently Active","Period : from 00:00 on 6 May 2022 to 22:00 on 6 June 2022","","J15","J14","3795063",,"Location : The M1 northbound between junctions J14  and J15 
Reason : Roadworks are planned
Status : Pending
Schedule : From 05:00 on 29 May 2022 to 21:00 on 29 May 2022
Schedule : From 05:00 on 30 May 2022 to 22:00 on 30 May 2022
Schedule : From 06:00 on 31 May 2022 to 22:00 on 31 May 2022
Schedule : From 06:00 on 1 June 2022 to 22:00 on 6 June 2022
","Location : The M1 northbound between junctions J14  and J15 
Reason : Roadworks
Status : Currently Active
Period : expect disruption until 21:00 on 29 May 2022
","M1 Northbound and Southbound
Jct 14 to Hartwell Area 7/8 Border - Various Lane closures and Carriageway closures for Smart Motorway works on behalf of CostainGT
","HIGH",false,false,"M1",1653796828865,true,52.056892,-0.6955974,"ROADWORKS",,,,1654549200000,1653796800000,,,1652418000000,1652472000000,,,1652500800000,1652731200000,,,1652763600000,1652817600000,,,1652850000000,1652907600000,,,1652936400000,1652994000000,,,1653022800000,1653166800000,,,1653195600000,1653253200000,,,1653282000000,1653336000000,,,1653364800000,1653422400000,,,1653451200000,1653508800000,,,1653537600000,1653595200000,,,1653624000000,1653768000000,,,1653796800000,1653854400000,,,1653883200000,1653944400000,,,1653973200000,1654030800000,,,1654059600000,1654549200000,false,"RW-22-05-13-500253",false,"Hard Shoulder","HARD_SHOULDER_RUNNING","Lane 1","NORMAL","Lane 2","NORMAL","Lane 3","NORMAL",,false,"248241",123017801,123017701,108019502,108020001,,"Location : The M1 northbound between junctions J14  and J15 ","Reason : Roadworks","Status : Currently Active","Period : expect disruption until 21:00 on 29 May 2022","Location : The M1 northbound between junctions J14  and J15 ","Reason : Roadworks","Status : Currently Active","Period : expect disruption until 21:00 on 29 May 2022","Location : The M1 northbound between junctions J14  and J15 ","Reason : Roadworks are planned","Status : Pending","Schedule : From 05:00 on 29 May 2022 to 21:00 on 29 May 2022","Schedule : From 05:00 on 30 May 2022 to 22:00 on 30 May 2022","Schedule : From 06:00 on 31 May 2022 to 22:00 on 31 May 2022","Schedule : From 06:00 on 1 June 2022 to 22:00 on 6 June 2022","J14","J13",108020001,,,,,,,,,,,,,,,,,,,,,,,,,,,,,,,,,,,,,,,,,,,,,,,,,,,,,,,,,,,,,,,,,,,,,,,,,,,,,,,,,,,,,,,,,,,,,,,,,,,,,,,,,,,,,,,,,,,,,,,,,,,,,,,,,,,,,,,,,,,,,,,,,,,,,,,,,,,,,,,,,,,,,,,,,,,,,,,,,,,,,,,,,,,,,,,,,,,,,,,,,,,,,,,,,,,,,,,,,,,,,,
"3619354",,"","Location : The M1 northbound between junctions J14  and J15 
Name : M1 J14 northbound access : M1 northbound between J14 and J15 : MAJOR SCHEMES
Reason : Roadworks scheme
Status : Currently Active
Period : from 00:00 on 6 May 2022 to 22:00 on 6 June 2022
","","HIGH",false,false,"M1",1653689816773,true,52.05836,-0.7007035,"ROADWORKS",,,,1654549200000,1652418000000,,,1652418000000,1654549200000,false,"RW-21-12-27-100520",false,,false,"248241",123017801,123017701,108019502,,"Location : The M1 northbound between junctions J14  and J15 ","Name : M1 J14 northbound access : M1 northbound between J14 and J15 : MAJOR SCHEMES","Reason : Roadworks scheme","Status : Currently Active","Period : from 00:00 on 6 May 2022 to 22:00 on 6 June 2022","Location : The M1 northbound between junctions J14  and J15 ","Name : M1 J14 northbound access : M1 northbound between J14 and J15 : MAJOR SCHEMES","Reason : Roadworks scheme","Status : Currently Active","Period : from 00:00 on 6 May 2022 to 22:00 on 6 June 2022","","J15","J14","123017801",,,,,,,,,,,"3795063",,"Location : The M1 northbound between junctions J14  and J15 
Reason : Roadworks are planned
Status : Pending
Schedule : From 05:00 on 29 May 2022 to 21:00 on 29 May 2022
Schedule : From 05:00 on 30 May 2022 to 22:00 on 30 May 2022
Schedule : From 06:00 on 31 May 2022 to 22:00 on 31 May 2022
Schedule : From 06:00 on 1 June 2022 to 22:00 on 6 June 2022
","Location : The M1 northbound between junctions J14  and J15 
Reason : Roadworks
Status : Currently Active
Period : expect disruption until 21:00 on 29 May 2022
","M1 Northbound and Southbound
Jct 14 to Hartwell Area 7/8 Border - Various Lane closures and Carriageway closures for Smart Motorway works on behalf of CostainGT
","HIGH",false,false,"M1",1653796828865,true,52.056892,-0.6955974,"ROADWORKS",,,,1654549200000,1653796800000,,,1652418000000,1652472000000,false,"RW-22-05-13-500253",false,,false,"248241",123017801,123017701,108019502,108020001,,"Location : The M1 northbound between junctions J14  and J15 ","Reason : Roadworks","Status : Currently Active","Period : expect disruption until 21:00 on 29 May 2022",,"Location : The M1 northbound between junctions J14  and J15 ","Reason : Roadworks","Status : Currently Active","Period : expect disruption until 21:00 on 29 May 2022",,"Location : The M1 northbound between junctions J14  and J15 ","J14","J13",,,,,,,,,,,,,,,,,,,,,,,,,,,,,,,,,,,,,,,,,,,,,,,,,,,,,,,,,,,,,,,,,,,,,,,,,,,,,,,,,,,,,,,,,,,,,,,,,,,,,,,,,,,,,,,,,,,,,,,,108020002,,,1652500800000,1652731200000,,,1652763600000,1652817600000,,,1652850000000,1652907600000,,,1652936400000,1652994000000,,,1653022800000,1653166800000,,,1653195600000,1653253200000,,,1653282000000,1653336000000,,,1653364800000,1653422400000,,,1653451200000,1653508800000,,,1653537600000,1653595200000,,,1653624000000,1653768000000,,,1653796800000,1653854400000,,,1653883200000,1653944400000,,,1653973200000,1654030800000,,,1654059600000,1654549200000,"Hard Shoulder","HARD_SHOULDER_RUNNING","Lane 1","NORMAL","Lane 2","NORMAL","Lane 3","NORMAL",,"Reason : Roadworks are planned","Status : Pending","Schedule : From 05:00 on 29 May 2022 to 21:00 on 29 May 2022","Schedule : From 05:00 on 30 May 2022 to 22:00 on 30 May 2022","Schedule : From 06:00 on 31 May 2022 to 22:00 on 31 May 2022","Schedule : From 06:00 on 1 June 2022 to 22:00 on 6 June 2022",,,,,,,,,,,,,,,,,,,,,,,,,,,,,,,,,,,,,,,,,,,,,,,,,,,,,,,,,,,,,,,,,,,,,,,,,,,,,,,,,,,,,,,,,,,,,,,,,,,,,,,,,,,,,,,,,,,,,,,,,,,,,,,,,,,,,,,,,,,,,,,,,,,
"3759001",,"","Location : The M1 southbound between junctions J15  and J14 
Name : M1 southbound between J15 and J14 : MAJOR SCHEMES
Reason : Roadworks scheme
Status : Currently Active
Period : from 21:00 on 23 May 2022 to 06:00 on 30 May 2022
","","LOW",false,false,"M1",1653336044270,true,52.180477,-0.88544464,"ROADWORKS",,,,1653886800000,1653336000000,,,1653336000000,1653886800000,false,"RW-22-04-14-400943",false,,false,"75425",123017901,,,,"Location : The M1 southbound between junctions J15  and J14 ","Name : M1 southbound between J15 and J14 : MAJOR SCHEMES","Reason : Roadworks scheme","Status : Currently Active","Period : from 21:00 on 23 May 2022 to 06:00 on 30 May 2022","Location : The M1 southbound between junctions J15  and J14 ","Name : M1 southbound between J15 and J14 : MAJOR SCHEMES","Reason : Roadworks scheme","Status : Currently Active","Period : from 21:00 on 23 May 2022 to 06:00 on 30 May 2022","","J14","J15","123017901",,,,,,,,,,,"3795075",,"Location : The M1 southbound between junctions J15  and J13 
Reason : Roadworks are planned
Status : Pending
Schedule : From 05:00 on 29 May 2022 to 21:00 on 29 May 2022
Schedule : From 05:00 on 30 May 2022 to 22:00 on 30 May 2022
Schedule : From 06:00 on 31 May 2022 to 22:00 on 31 May 2022
Schedule : From 06:00 on 1 June 2022 to 22:00 on 6 June 2022
","Location : The M1 southbound between junctions J15  and J13 
Reason : Roadworks
Status : Currently Active
Period : expect disruption until 21:00 on 29 May 2022
","M1 Northbound and Southbound
Jct 14 to Hartwell Area 7/8 Border - Various Lane closures and Carriageway closures for Smart Motorway works on behalf of CostainGT
","LOW",false,false,"M1",1653796831129,true,52.145676,-0.8391172,"ROADWORKS",,,,1654549200000,1653796800000,,,1652418000000,1652472000000,false,"RW-22-05-13-500265",false,,false,"248241",108020201,108019802,108019901,123018001,,"Location : The M1 southbound between junctions J15  and J13 ","Reason : Roadworks","Status : Currently Active","Period : expect disruption until 21:00 on 29 May 2022",,"Location : The M1 southbound between junctions J15  and J13 ","Reason : Roadworks","Status : Currently Active","Period : expect disruption until 21:00 on 29 May 2022",,"Location : The M1 southbound between junctions J15  and J13 ","J14","J15",,,,,,,,,,,,,,,,,,,,,,,,,,,,,,,,,,,,,,,,,,,,,,,,,,,,,,,,,,,,,,,,,,,,,,,,,,,,,,,,,,,,,,,,,,,,,,,,,,,,,,,,,,,,,,,,,,,,,,,,,,,1652500800000,1652731200000,,,1652763600000,1652817600000,,,1652850000000,1652907600000,,,1652936400000,1652994000000,,,1653022800000,1653166800000,,,1653195600000,1653253200000,,,1653282000000,1653336000000,,,1653364800000,1653422400000,,,1653451200000,1653508800000,,,1653537600000,1653595200000,,,1653624000000,1653768000000,,,1653796800000,1653854400000,,,1653883200000,1653944400000,,,1653973200000,1654030800000,,,1654059600000,1654549200000,"Hard Shoulder","HARD_SHOULDER_RUNNING","Lane 1","NORMAL","Lane 2","NORMAL","Lane 3","NORMAL",123017901,"Reason : Roadworks are planned","Status : Pending","Schedule : From 05:00 on 29 May 2022 to 21:00 on 29 May 2022","Schedule : From 05:00 on 30 May 2022 to 22:00 on 30 May 2022","Schedule : From 06:00 on 31 May 2022 to 22:00 on 31 May 2022","Schedule : From 06:00 on 1 June 2022 to 22:00 on 6 June 2022",,,,,,,,,,,,,,,,,,,,,,,,,,,,,,,,,,,,,,,,,,,,,,,,,,,,,,,,,,,,,,,,,,,,,,,,,,,,,,,,,,,,,,,,,,,,,,,,,,,,,,,,,,,,,,,,,,,,,,,,,,,,,,,,,,,,,,,,,,,,,,,,,,,
"3795075",,"Location : The M1 southbound between junctions J15  and J13 
Reason : Roadworks are planned
Status : Pending
Schedule : From 05:00 on 29 May 2022 to 21:00 on 29 May 2022
Schedule : From 05:00 on 30 May 2022 to 22:00 on 30 May 2022
Schedule : From 06:00 on 31 May 2022 to 22:00 on 31 May 2022
Schedule : From 06:00 on 1 June 2022 to 22:00 on 6 June 2022
","Location : The M1 southbound between junctions J15  and J13 
Reason : Roadworks
Status : Currently Active
Period : expect disruption until 21:00 on 29 May 2022
","M1 Northbound and Southbound
Jct 14 to Hartwell Area 7/8 Border - Various Lane closures and Carriageway closures for Smart Motorway works on behalf of CostainGT
","LOW",false,false,"M1",1653796831129,true,52.145676,-0.8391172,"ROADWORKS",,,,1654549200000,1653796800000,,,1652418000000,1652472000000,false,"RW-22-05-13-500265",false,,false,"248241",108020201,108019802,108019901,,"Location : The M1 southbound between junctions J15  and J13 ","Reason : Roadworks","Status : Currently Active","Period : expect disruption until 21:00 on 29 May 2022",,"Location : The M1 southbound between junctions J15  and J13 ","Reason : Roadworks","Status : Currently Active","Period : expect disruption until 21:00 on 29 May 2022",,"Location : The M1 southbound between junctions J15  and J13 ","J14","J15","123018001","Hard Shoulder","HARD_SHOULDER_RUNNING","Lane 1","NORMAL","Lane 2","NORMAL","Lane 3","NORMAL",,,,,,,,,,,,,,,,,,,,,,,,,,,,,,,,,,,,,,,,,,,,,,,,,,,,,,,,,,,,,,,,,,,,,,,,,,,,,,,,,,,,,,,,,,,,,,,,,,,,,,,,,,,,,,,,,,,,,,,,,,,,,,,,,,,,,,,,,,,,,,,,,,,,,,,,,,,,,,,,,,,,,,,,,123018001,,,,,,,,,,,,,,,,,,,,,,,,,,,,,,,,,,,,,,,,,,,,,,,,,,,,,,,,,,,,,,,,,,,,,,,,,,,,,,,,,,,,,,,,,,,,,,,,,,,,,,,,,,,,,,,,,,,,,,,,,,,,,,,,,,,,,,,,,,,,,,,,,,,,,,,,,,,,,,1652500800000,1652731200000,,,1652763600000,1652817600000,,,1652850000000,1652907600000,,,1652936400000,1652994000000,,,1653022800000,1653166800000,,,1653195600000,1653253200000,,,1653282000000,1653336000000,,,1653364800000,1653422400000,,,1653451200000,1653508800000,,,1653537600000,1653595200000,,,1653624000000,1653768000000,,,1653796800000,1653854400000,,,1653883200000,1653944400000,,,1653973200000,1654030800000,,,1654059600000,1654549200000,123017901,"Reason : Roadworks are planned","Status : Pending","Schedule : From 05:00 on 29 May 2022 to 21:00 on 29 May 2022","Schedule : From 05:00 on 30 May 2022 to 22:00 on 30 May 2022","Schedule : From 06:00 on 31 May 2022 to 22:00 on 31 May 2022","Schedule : From 06:00 on 1 June 2022 to 22:00 on 6 June 2022"